number,contract_name,name,address,position,banking,bonus,bike_stands,available_bike_stands,available_bikes,status,last_update
55,toulouse,00055 - ST-SERNIN - GATIEN - ARNOULT,2 RUE GATIEN ARNOULT,"{'lat': 43.609022, 'lng': 1.441105}",False,False,15,9,3,OPEN,1731945422000
385,toulouse,00385 - VITARELLES - FRONDE,"21, chemin de la Fronde","{'lat': 43.587323, 'lng': 1.39462}",False,False,13,7,5,OPEN,1731945445000
195,toulouse,00195 - RIEUX - CHANT DU MERLE,FACE 15 RUE PIERRE LAROUSSE,"{'lat': 43.597355, 'lng': 1.459063}",False,False,18,15,2,OPEN,1731945064000
29,toulouse,00029 - VALADE,31 RUE VALADE,"{'lat': 43.605031, 'lng': 1.437386}",False,False,21,19,1,OPEN,1731945457000
400,toulouse,00400 - SAINT-MARTIN-DU-TOUCH GARE,"4, rue Marie Louise Dissard (sur la contre allée face au parking de la halte)","{'lat': 43.600614, 'lng': 1.372218}",False,False,13,3,10,OPEN,1731945156000
280,toulouse,00280 - CHARBONNIÈRE - PALMIERS,RUE DE LA CHARBONNIERE ENTRE IMP AMPERE ET RUE DES PALMIERS,"{'lat': 43.573732, 'lng': 1.448768}",False,False,18,16,1,OPEN,1731945271000
156,toulouse,00156 - EMPALOT - MÉTRO,38 AV JEAN MOULIN FACE DEBOUCHE RUE DE CANNES,"{'lat': 43.579666, 'lng': 1.44184}",True,False,18,12,3,OPEN,1731945011000
242,toulouse,0242 - RIMBAUD - COLETTE / PADER - FRONTON,8 RUE HILAIRE PADER,"{'lat': 43.63639, 'lng': 1.433072}",False,False,16,9,1,OPEN,1731945475000
373,toulouse,00373 - REYNERIE - LIZOP,,"{'lat': 43.566932, 'lng': 1.400526}",False,False,13,5,5,OPEN,1731945370000
224,toulouse,00224 - BELIN - SUPAERO,10 AV EDOUARD BELIN FACE CHATEAU D'EAU CREPS RD-PT JEAN LAGASSE,"{'lat': 43.56644, 'lng': 1.475301}",False,False,20,9,8,OPEN,1731945502000
339,toulouse,00339 -  GLOIRE - SAVIGNAC,"57, rue Labat de Savignac, 40m après angle rue de la Gloire","{'lat': 43.605899, 'lng': 1.463601}",False,False,13,12,0,OPEN,1731945082000
229,toulouse,00229 - AV. DE RANGUEIL - PELUDE,129 AV DE RANGUEIL,"{'lat': 43.57141, 'lng': 1.462732}",False,False,18,12,5,OPEN,1731945549000
154,toulouse,00154 - HOTEL DE REGION,50 M AVANT 4 RUE DES GALLOIS,"{'lat': 43.589928, 'lng': 1.441706}",False,False,19,16,1,OPEN,1731945290000
96,toulouse,00096 - MÉDIATHÈQUE JOSÉ CABANIS,50 RUE DU GENERAL COMPANS,"{'lat': 43.609757, 'lng': 1.455212}",True,False,25,21,3,OPEN,1731945509000
65,toulouse,00065 - VERDIER - GRAND ROND,2 ALL FORAIN FRANCOIS VERDIER,"{'lat': 43.596904, 'lng': 1.452596}",False,False,27,25,2,OPEN,1731945519000
22,toulouse,00022 - CARNOT - ROLAND,24 BD LAZARE CARNOT,"{'lat': 43.602914, 'lng': 1.451719}",False,False,20,20,0,OPEN,1731945067000
236,toulouse,00236 - TOEC - LEMIRE,RUE DE L'ABBE JULES LEMIRE ANGLE VOIE DU TOEC,"{'lat': 43.597322, 'lng': 1.403694}",False,False,20,14,3,OPEN,1731945556000
315,toulouse,000315 - FRONTON - LAPIN,"269, Avenue de Fronton","{'lat': 43.651176, 'lng': 1.432557}",False,False,13,11,1,OPEN,1731945131000
111,toulouse,00111 - BD DES MINIMES - PASSERELLE,38B BD DES MINIMES,"{'lat': 43.615273, 'lng': 1.442937}",False,False,27,26,0,OPEN,1731945398000
152,toulouse,00152 - THÉATRE DES MAZADES,10 AV DES MAZADES,"{'lat': 43.624114, 'lng': 1.438463}",False,False,20,14,4,OPEN,1731945348000
243,toulouse,00243 - ÉTATS-UNIS - FERRY,FACE 97 AV DES ETATS-UNIS ANGLE JULES FERRY,"{'lat': 43.632734, 'lng': 1.431732}",False,False,17,14,3,OPEN,1731945475000
384,toulouse,00384 GUILHERMY - LAS BRUGUES,,"{'lat': 43.567628, 'lng': 1.371151}",False,False,13,10,3,OPEN,1731945458000
334,toulouse,00334  - GLOIRE - SAINT BERNARD,"1, rue Saint-Bertrand","{'lat': 43.605557, 'lng': 1.458483}",False,False,13,12,0,OPEN,1731945260000
174,toulouse,00174 - BOURGES - MAUNOURY - MÉLAT,41 AV MAURICE BOURGES MAUNOURY,"{'lat': 43.63694, 'lng': 1.452615}",False,False,19,18,1,OPEN,1731945363000
298,toulouse,00298 - ROUTE DE SEYSSES - C. DE VICOSE,Route de Seysses - C. de Viçose,"{'lat': 43.57179, 'lng': 1.418239}",False,False,13,8,3,OPEN,1731945317000
276,toulouse,00276 - MARIN - REBOUL,FACE 1 CHEMIN DU MARIN,"{'lat': 43.581463, 'lng': 1.379769}",False,False,18,8,8,OPEN,1731945541000
77,toulouse,00077 - SAINT-CYPRIEN - METRO VIÉ,2 PL INTERIEURE SAINT-CYPRIEN,"{'lat': 43.59778, 'lng': 1.431619}",False,False,13,5,8,OPEN,1731945352000
137,toulouse,00137 - BRUNHES - FONTAINES,68 BD JEAN BRUNHES FACE AU 53,"{'lat': 43.600473, 'lng': 1.420165}",False,False,15,5,8,OPEN,1731945470000
295,toulouse,00295 - PLACE GUY HERSANT,"Place Guy Hersant, angle rue Alfred Rambaud","{'lat': 43.577461, 'lng': 1.442964}",False,False,13,6,6,OPEN,1731945501000
348,toulouse,00348 - REVEL - LABEGE,", Rond-point route de Revel / route de Labège face Jardiland et Midas,","{'lat': 43.570862, 'lng': 1.49832}",False,False,13,6,5,OPEN,1731945011000
144,toulouse,00144 - SUISSE - LAUSANNE,62 BD DE SUISSE,"{'lat': 43.615988, 'lng': 1.42163}",False,False,22,6,15,OPEN,1731945529000
40,toulouse,00040 - COLOMBETTE - MAURY,41 RUE DE LA COLOMBETTE,"{'lat': 43.604565, 'lng': 1.453659}",False,False,16,8,6,OPEN,1731945306000
25,toulouse,00025 - PLACE ROUAIX,1 RUE DES TOURNEURS,"{'lat': 43.599525, 'lng': 1.445544}",False,False,18,13,2,OPEN,1731945512000
74,toulouse,00074 - LAGANNE - TEINTURIERS,37 RUE LAGANNE,"{'lat': 43.596667, 'lng': 1.436229}",False,False,18,13,4,OPEN,1731945554000
371,toulouse,00371 - REYNERIE - LONDRES,"9, rue de Londres","{'lat': 43.569148, 'lng': 1.408256}",False,False,13,2,10,OPEN,1731945555000
71,toulouse,00071 - FER A CHEVAL - COURS DILLON,3 RUE LAGANNE,"{'lat': 43.593227, 'lng': 1.435062}",False,False,22,18,1,OPEN,1731945281000
105,toulouse,00105 - BILLIÈRE - CHAMPETRE,12  AV  ETIENNE  BILLIERES,"{'lat': 43.597539, 'lng': 1.428891}",False,False,18,14,3,OPEN,1731945064000
329,toulouse,00329 - ATLANTA - CAUNES,Face dépot Tisséo sur avenue Atlanta,"{'lat': 43.64046, 'lng': 1.469314}",False,False,13,10,2,OPEN,1731945095000
64,toulouse,00064 - PERI - MERCADIER,30 RUE GABRIEL PERI,"{'lat': 43.606208, 'lng': 1.455005}",False,False,24,22,0,OPEN,1731945502000
3,toulouse,00003 - ALSACE - LORRAINE - POMME,62 RUE DE LA POMME,"{'lat': 43.603302, 'lng': 1.445454}",False,False,18,11,5,OPEN,1731945551000
93,toulouse,00093 - BD MATABIAU - INGRES,57 RUE DU PRINTEMPS,"{'lat': 43.614574, 'lng': 1.443571}",False,False,17,13,0,OPEN,1731945487000
139,toulouse,00139 - BARRIERE DE LOMBEZ,39 BIS AV DE LOMBEZ,"{'lat': 43.595503, 'lng': 1.418503}",False,False,25,19,4,OPEN,1731945485000
81,toulouse,00081 - JARDIN RAYMOND VI,ALLEE CHARLES DE FITTE / FACE JARDIN RAYMOND VI,"{'lat': 43.599797, 'lng': 1.429521}",False,False,33,32,1,OPEN,1731945388000
60,toulouse,00060 - PLACE ROQUELAINE,32 PL ROQUELAINE,"{'lat': 43.612615, 'lng': 1.448286}",False,False,24,18,3,OPEN,1731945532000
36,toulouse,00036 - PLACE ROBERT SCHUMAN,5 PL ROBERT SCHUMAN,"{'lat': 43.609622, 'lng': 1.449431}",False,False,19,12,6,OPEN,1731945548000
227,toulouse,00227 - UNIV. PAUL SABATIER MÉTRO,118  RTE DE NARBONNE,"{'lat': 43.561074, 'lng': 1.462928}",False,False,32,20,5,OPEN,1731945511000
248,toulouse,00248 - ROSTAND - BOUQUETINS,RUE DES BOUQUETINS ANGLE RUE EDMOND ROSTAND,"{'lat': 43.641013, 'lng': 1.448524}",False,False,20,12,4,OPEN,1731945303000
53,toulouse,00053 - PLACE SAINT-JULIEN,PLACE SAINT JULIEN,"{'lat': 43.608639, 'lng': 1.436965}",False,False,25,20,2,OPEN,1731945552000
343,toulouse,00343 CHAUBET - CHIRAC,,"{'lat': 43.604681, 'lng': 1.474453}",False,False,13,13,0,OPEN,1731945369000
379,toulouse,00379 - MAFFRE - BASSO CAMBO,"Rue Robert Maffre, face 123, chemin de Basso Cambo","{'lat': 43.561453, 'lng': 1.384967}",False,False,13,9,4,OPEN,1731945106000
187,toulouse,00187 - DESBALS - FIEUX,187 RUE HENRI DESBALS,"{'lat': 43.58456, 'lng': 1.415683}",False,False,17,9,8,OPEN,1731945015000
87,toulouse,00087 - LASCROSSES - LECLERC,47 BD LASCROSSES,"{'lat': 43.609277, 'lng': 1.432157}",False,False,25,15,8,OPEN,1731945234000
358,toulouse,00358 - SALADE PONSAN - COTEAUX,"2, rue Thomas Edison","{'lat': 43.567744, 'lng': 1.451907}",False,False,13,4,6,OPEN,1731945034000
346,toulouse,00346 - CITE DE L'ESPACE,Parking Cité de l’Espace le long de l’avenue Jean Gonord,"{'lat': 43.586894, 'lng': 1.492386}",True,False,13,6,6,OPEN,1731945516000
305,toulouse,00305 - ZENITH TRAMWAY,"Face 151, avenue de Grande-Bretagne / Massonié","{'lat': 43.601356, 'lng': 1.411617}",False,False,13,8,4,OPEN,1731945540000
225,toulouse,00225 - BELIN - ONERA,4 AV EDOUARD BELIN DEVANT ONERA FACE AU CREPS,"{'lat': 43.570117, 'lng': 1.473463}",False,False,20,7,13,OPEN,1731945482000
397,toulouse,00397 - NÉGO SAOUMOS - ZIEGLER,"50m avant 5, rue Négo Saoumos","{'lat': 43.605637, 'lng': 1.364053}",False,False,13,5,8,OPEN,1731944990000
381,toulouse,00381 - LIFFARD - REGUELONGUE,Liffard - Règuelongue,"{'lat': 43.55978, 'lng': 1.37828}",False,False,13,6,7,OPEN,1731945503000
121,toulouse,00121 - SERRES - ARNAUD BERNARD,33 AV HONORE SERRES,"{'lat': 43.612627, 'lng': 1.438268}",False,False,17,6,11,OPEN,1731945529000
84,toulouse,00084 - BRIENNE - MANUFACTURE,19T ALL DE BRIENNE,"{'lat': 43.605381, 'lng': 1.432485}",True,False,24,21,2,OPEN,1731945549000
131,toulouse,00131 - ROUTE DE BLAGNAC - BERNIES,15 RUE PAUL BERNIES,"{'lat': 43.611584, 'lng': 1.414669}",True,False,19,10,7,OPEN,1731945502000
368,toulouse,00368 - ROUTE DE SEYSSES - BELLEFONTAINE,"Face 10, allée Bellefontaine","{'lat': 43.562792, 'lng': 1.406829}",False,False,13,3,7,OPEN,1731945494000
239,toulouse,00239 - LESPINET - HERBETTES,ANGLE AVENUE DE LESPINET ET RUE GEORGES BIDAULT,"{'lat': 43.576637, 'lng': 1.470245}",False,False,25,19,1,OPEN,1731945229000
1,toulouse,00001 - POIDS DE L'HUILE,12 RUE DU POIDS DE L'HUILE,"{'lat': 43.60419, 'lng': 1.445475}",False,False,19,11,7,OPEN,1731945547000
37,toulouse,00037 - STE - LUCIE - ARCS ST - CYPRIEN,53 RUE SAINTE-LUCIE,"{'lat': 43.593516, 'lng': 1.430039}",False,False,18,9,8,OPEN,1731945110000
7,toulouse,00007 - PLACE VICTOR HUGO,6 RUE DU REMPART VILLENEUVE,"{'lat': 43.605777, 'lng': 1.446507}",False,False,25,18,4,OPEN,1731945065000
259,toulouse,00259 - PLACE PAUL RICHÉ,PL PAUL RICHE A COTE 231 AV DE FRONTON,"{'lat': 43.647504, 'lng': 1.43286}",True,False,20,7,13,OPEN,1731945459000
367,toulouse,00367 - PARC DE GIRONIS,Parking salle des fêtes de Lafourguette,"{'lat': 43.564067, 'lng': 1.413739}",False,False,13,4,8,OPEN,1731945547000
304,toulouse,00304 - CARTOUCHERIE TRAMWAY,Place de la Charte des Libertes (le long du tram),"{'lat': 43.602797, 'lng': 1.408133}",False,False,13,13,0,OPEN,1731945427000
297,toulouse,00297 - AV. DE MURET - DUBOUL,"3, rue Axel Duboul - Carrefour avenue de Muret","{'lat': 43.57933, 'lng': 1.423325}",False,False,13,12,1,OPEN,1731945153000
234,toulouse,00234 - RAYNAL - LOUIN,50M APRES 4 RUE PIERRETTE LOUIN,"{'lat': 43.628145, 'lng': 1.451413}",False,False,15,9,6,OPEN,1731945370000
192,toulouse,00192 - RE DE ST - SIMON - PRADO,355 ROUTE DE SAINT-SIMON,"{'lat': 43.587845, 'lng': 1.409785}",False,False,20,18,2,OPEN,1731945331000
48,toulouse,00048 - PLACE DU SALIN,18 PL DU SALIN,"{'lat': 43.594461, 'lng': 1.443822}",False,False,32,30,0,OPEN,1731945158000
175,toulouse,00175 - BORDEROUGE - MÉTRO,FACE 52 AV BOURGES MAUNOURY,"{'lat': 43.639633, 'lng': 1.452569}",True,False,30,25,2,OPEN,1731945150000
266,toulouse,00266 - TOURAINE - AUVERGNE,38 RUE DE LA TOURAINE,"{'lat': 43.573708, 'lng': 1.41394}",False,False,20,10,9,OPEN,1731945479000
386,toulouse,00386 - BORDEBLANCHE - BROUSSIN,"16, chemin de Bordeblanche","{'lat': 43.582717, 'lng': 1.386115}",False,False,13,8,3,OPEN,1731945528000
166,toulouse,00166 - RANGUEIL - MÉTRO,23 RUE GUYOU,"{'lat': 43.57421, 'lng': 1.462367}",False,False,20,10,8,OPEN,1731945241000
135,toulouse,00135 - BONNEFOY - LEMAITRE,179 RUE DU FAUBOURG BONNEFOY,"{'lat': 43.622963, 'lng': 1.458647}",False,False,18,16,0,OPEN,1731945549000
79,toulouse,00079 - VIGUERIE -  LANGE,1 PL LANGE,"{'lat': 43.601016, 'lng': 1.434129}",False,False,20,12,8,OPEN,1731945193000
210,toulouse,00210 - TERRASSE - MONT VENTOUX,FACE 42 CHE DE LA TERRASSE,"{'lat': 43.586086, 'lng': 1.482942}",False,False,18,14,3,OPEN,1731945188000
75,toulouse,00075 - CHATEAU D'EAU,12 PLACE LAGANNE,"{'lat': 43.59859, 'lng': 1.436594}",True,False,21,20,0,OPEN,1731945527000
1031,toulouse,1031 - BORNE CGB ATELIER,16 rue Brouardel,"{'lat': 43.6159088, 'lng': 1.0001755}",True,False,42,7,21,OPEN,1731945543000
115,toulouse,00115 - DEMOISELLES - MISTRAL,8 ALL DES DEMOISELLES,"{'lat': 43.590692, 'lng': 1.453224}",False,False,18,14,2,OPEN,1731945518000
221,toulouse,00221 - AV. DE REYNERIE - VAUQUELIN,FACE 85 RUE VAUQUELIN,"{'lat': 43.576221, 'lng': 1.406355}",False,False,20,12,8,OPEN,1731945355000
294,toulouse,00294 - ILE DU RAMIER - PASSERELLE CONTI,ILE DU RAMIER - PASSERELLE CONTI,"{'lat': 43.580259, 'lng': 1.434156}",False,False,13,1,7,OPEN,1731945510000
375,toulouse,00375 - LESTAND - PERGAUD,"32, chemin de Lestang – passage Louis Pergaud","{'lat': 43.564715, 'lng': 1.395886}",False,False,13,9,4,OPEN,1731945527000
67,toulouse,00067 - GUESDE - OZENNE,35 ALL JULES GUESDE,"{'lat': 43.594812, 'lng': 1.449176}",False,False,22,18,2,OPEN,1731945522000
188,toulouse,00188 - AV. DE MURET - LAFAGE,121 AVENUE DE MURET,"{'lat': 43.584339, 'lng': 1.427597}",False,False,20,15,0,OPEN,1731945513000
118,toulouse,00118 - PLACE DU BUSCA,PLACE DU BUSCA / FACE ECOLE JEAN JAURES,"{'lat': 43.588588, 'lng': 1.451003}",False,False,16,9,5,OPEN,1731945522000
354,toulouse,00354 - DAURAT - CORNEMONT,"2, rue René Cornemont - Face rond-point Henri Erable","{'lat': 43.56481, 'lng': 1.488996}",False,False,13,5,5,OPEN,1731945501000
178,toulouse,00178 - BRUNAUD - PLANA,FACE 100 AV YVES BRUNAUD,"{'lat': 43.619291, 'lng': 1.468681}",True,False,20,19,1,OPEN,1731945397000
341,toulouse,00341 - SOUPETARD - GENÊTS,"42, rue Soupetard","{'lat': 43.610183, 'lng': 1.472401}",False,False,13,9,4,OPEN,1731945495000
41,toulouse,00041 - RIQUET - CAMICHEL,1 RUE CHARLES CAMICHEL,"{'lat': 43.602708, 'lng': 1.454367}",False,False,21,17,2,OPEN,1731945372000
90,toulouse,00090 - LASCROSSES - ARNAUD BERNARD,3B BD LASCROSSES,"{'lat': 43.611271, 'lng': 1.438093}",False,False,25,17,7,OPEN,1731945350000
68,toulouse,00068  PALAIS DE JUSTICE - METRO,1 BIS ALLEE JULES GUESDE,"{'lat': 43.592782, 'lng': 1.444726}",True,False,16,11,1,OPEN,1731945505000
147,toulouse,00147 - CHAUSSAS - DAUDET,96 RUE DE CHAUSSAS,"{'lat': 43.619704, 'lng': 1.429176}",False,False,19,10,6,OPEN,1731945249000
109,toulouse,00109 - HOTEL DE DÉPARTEMENT,1 BD DE LA MARQUETTE,"{'lat': 43.615275, 'lng': 1.434944}",False,False,25,11,14,OPEN,1731945528000
153,toulouse,00153 - PLACE ANTONIN FROIDURE,12 AV BOURGES MAUNOURY,"{'lat': 43.628672, 'lng': 1.448469}",False,False,18,14,4,OPEN,1731945348000
390,toulouse,00390 - CAPELLES - ECOLE VETERINAIRE,,"{'lat': 43.601523, 'lng': 1.384712}",False,False,13,11,2,OPEN,1731945168000
262,toulouse,00262 - ARTHAUD - NETWILLER,NETWILLER - BORDEROUGE,"{'lat': 43.643358, 'lng': 1.455501}",False,False,18,18,0,OPEN,1731945302000
399,toulouse,00399 - CHEMIN DE TOURNEFEUILLE - BOURIETTE,"Parking, 212 chemin de Tournefeuille","{'lat': 43.605078, 'lng': 1.376499}",False,False,13,8,4,OPEN,1731945391000
197,toulouse,00197 - PUJOL - PÉRIGNON,6 AV LOUIS BLERIOT,"{'lat': 43.600361, 'lng': 1.464039}",True,False,20,17,1,OPEN,1731945538000
336,toulouse,00336 - COLONNE - SALONIQUE,"Face 90, avenue de la Colonne, 30 m après angle rue de Caillibens","{'lat': 43.610556, 'lng': 1.464953}",False,False,13,5,5,OPEN,1731945246000
388,toulouse,00388 - LARDENNE - CALQUET,"Face au 145, avenue de Lardenne / Chemin de Calquet","{'lat': 43.5937364, 'lng': 1.3911254}",False,False,13,8,5,OPEN,1731945064000
23,toulouse,00023 - CARNOT - IDRAC,6 BD LAZARE CARNOT,"{'lat': 43.601372, 'lng': 1.452038}",True,False,26,24,1,OPEN,1731945473000
273,toulouse,00273 - PASSERIEU - RTE DE ST-SIMON,RD PT LOUIS IZAR / ANGLE AV LOUIS ARISTE PASSERIEU,"{'lat': 43.579135, 'lng': 1.392596}",False,False,18,18,0,OPEN,1731945435000
396,toulouse,00396 - FOURNIER - JARDINERIE,Rue Alain Fournier,"{'lat': 43.606486, 'lng': 1.36915}",False,False,13,7,5,OPEN,1731945547000
183,toulouse,00183 - RUE DE CUGNAUX - GRAVETTE,RUE DE CUGNAUX,"{'lat': 43.593147, 'lng': 1.424313}",False,False,18,13,5,OPEN,1731945405000
376,toulouse,00376 - EISENHOWER - LESTANG,"Avenue du général Eisenhower, face au collège Saint Simon","{'lat': 43.5599624, 'lng': 1.3944267}",False,False,13,8,1,OPEN,1731945340000
126,toulouse,00126 - BONNEFOY - ARAGO,18 RUE BONNEFOY,"{'lat': 43.616939, 'lng': 1.454243}",False,False,22,13,8,OPEN,1731945523000
255,toulouse,00255 - SELLIER - MOUETTES,2 RUE DES MOUETTES / ANGLE ALL HENRI SELLIER,"{'lat': 43.576893, 'lng': 1.440049}",False,False,16,7,8,OPEN,1731945494000
233,toulouse,00233 - NARBONNE - SAHUQUE,FACE 88 RTE DE NARBONNE STATION ESSO,"{'lat': 43.566528, 'lng': 1.458648}",False,False,20,12,5,OPEN,1731945515000
254,toulouse,00254 - VESTREPAIN - LOT,RUE DU LOT / 100M AVANT LA RUE VESTREPAIN,"{'lat': 43.583264, 'lng': 1.407055}",False,False,18,3,9,OPEN,1731945354000
21,toulouse,00021 - CARNOT - LABEDA,63 BD LAZARE CARNOT,"{'lat': 43.604079, 'lng': 1.450158}",False,False,25,4,18,OPEN,1731945452000
62,toulouse,00062 - JAURES - BONREPOS,81 ALLEE JEAN JAURES,"{'lat': 43.609216, 'lng': 1.453549}",False,False,24,19,3,OPEN,1731945350000
370,toulouse,00370 - PLACE DES TIBAOUS,"Face 11 et 13, rue Missak Manouchian","{'lat': 43.550424, 'lng': 1.386158}",False,False,13,4,7,OPEN,1731945543000
244,toulouse,00244 - RENAN - VITRY,93 RUE ERNEST RENAN ANGLE RUE VITRY,"{'lat': 43.635856, 'lng': 1.443828}",False,False,18,12,2,OPEN,1731945535000
24,toulouse,00024 - PLACE SAINT-ETIENNE,14 PL SAINT-ETIENNE,"{'lat': 43.600055, 'lng': 1.449273}",False,False,22,18,1,OPEN,1731945514000
245,toulouse,00245 - GRANDE-BRETAGNE - BADIOU,103 BIS AV DE GRANDE BRETAGNE ANGLE RUE BADIOU,"{'lat': 43.599732, 'lng': 1.415372}",False,False,19,17,1,OPEN,1731945553000
196,toulouse,00196 - PUJOL - GOUJON,6 RUE JEAN GOUJON,"{'lat': 43.601719, 'lng': 1.458019}",False,False,20,20,0,OPEN,1731945304000
281,toulouse,00281 - JARDIN NIEL,FACE 80 RUE SAINT ROCH / ANGLE AC DU 14EME REGIMENT D'INFANTERIE,"{'lat': 43.578687, 'lng': 1.446733}",False,False,18,13,1,OPEN,1731945321000
260,toulouse,00260 - FRONTON - DUCLOS,RUE LEONCE DUCLOS / ANGLE AV DE FRONTON FACE 26 IMP DU BARON,"{'lat': 43.644963, 'lng': 1.433998}",False,False,18,9,5,OPEN,1731945363000
228,toulouse,00228 - FAC. DE PHARMACIE MÉTRO,FACE 35 CHEMIN DES MARAICHERS,"{'lat': 43.568165, 'lng': 1.464353}",True,False,18,16,1,OPEN,1731945379000
124,toulouse,00124 - EGLISE DES MINIMES,27 AV DES MINIMES,"{'lat': 43.618287, 'lng': 1.436857}",False,False,18,6,12,OPEN,1731945446000
207,toulouse,00207 - MAL CLABEL - AUDE,FACE 25 RUE DE L AUDE,"{'lat': 43.583202, 'lng': 1.481757}",False,False,17,16,0,OPEN,1731944974000
11,toulouse,00011 - PLACE DE LA DAURADE,2 PL DE LA DAURADE,"{'lat': 43.601888, 'lng': 1.440368}",False,False,23,12,8,OPEN,1731945515000
186,toulouse,00186 - DESBALS - BOUALAM,1 IMPASSE BACHAGA BOUALAM,"{'lat': 43.579171, 'lng': 1.410939}",False,False,18,13,1,OPEN,1731945405000
235,toulouse,00235 - LA VACHE MÉTRO,FACE AU 8 RUE PAUL VERLAINE,"{'lat': 43.633454, 'lng': 1.435519}",True,False,19,12,5,OPEN,1731945532000
288,toulouse,000288 - METZ - MARCHANDS,28 RUE DES MARCHANDS,"{'lat': 43.600021, 'lng': 1.44293}",False,False,36,21,12,OPEN,1731945385000
394,toulouse,00394 - BAYONNE - FLAMBERE,"73, route de Bayonne","{'lat': 43.608267, 'lng': 1.389792}",False,False,13,7,4,OPEN,1731945442000
150,toulouse,00150 - CURIE - CAMPISTRON,78 BD PIERRE ET MARIE CURIE,"{'lat': 43.62563, 'lng': 1.439513}",False,False,18,16,0,OPEN,1731945171000
252,toulouse,0252 - CATELLAN - CAZENEUVE,RUE MARIE CLAIRE DE CATELLAN (10M AVANT LE PONT SNCF LE LONG DE LA PISTE CYCLABE),"{'lat': 43.626914, 'lng': 1.444986}",False,False,18,9,8,OPEN,1731945358000
184,toulouse,00184 - MICHOUN - HYERES,70 CHEMIN MICHOUN,"{'lat': 43.62724, 'lng': 1.469293}",False,False,20,16,4,OPEN,1731945163000
271,toulouse,00271 - ANCELY TRAMWAY,FACE 151 AV DES ARENES ROMAINES,"{'lat': 43.619301, 'lng': 1.396986}",False,False,20,6,13,OPEN,1731945338000
33,toulouse,00033 - SAINT - BERNARD - BERALDI,11 RUE HENRI BERALDI,"{'lat': 43.608605, 'lng': 1.4436}",False,False,15,2,12,OPEN,1731945448000
161,toulouse,00161 - AV . DE RANGUEIL  - BEDOUCE,35 AV DE RANGUEIL,"{'lat': 43.576773, 'lng': 1.454742}",False,False,15,1,12,OPEN,1731945334000
172,toulouse,00172 - NETWILLER - EBELOT,RD-PT DE L'ABBE LAFFORGUE ANGLE RUE HENRI EBELOT,"{'lat': 43.642859, 'lng': 1.461124}",False,False,20,15,4,OPEN,1731945556000
391,toulouse,00391 - LARDENNE GARE,"Face 10, chemin de Capelles","{'lat': 43.597343, 'lng': 1.383108}",False,False,13,5,7,OPEN,1731945236000
120,toulouse,00120 - BARCELONE - SANIERES,152 ALL DE BARCELONE,"{'lat': 43.610343, 'lng': 1.420407}",False,False,18,13,5,OPEN,1731945454000
268,toulouse,00268 - PLACE JOSEPH BAYLAC,PL DU DR JOSEPH BAYLAC ANGLE AV DES ARENES ROMAINES,"{'lat': 43.608597, 'lng': 1.397192}",False,False,22,17,1,OPEN,1731945232000
217,toulouse,00217 - AMOUROUX - ST-TROPEZ,42 CHEMIN AMOUROUX,"{'lat': 43.629655, 'lng': 1.466259}",False,False,18,15,3,OPEN,1731945135000
82,toulouse,00082 - SÉJOURNÉ - PT DES CATALANS,1 AV PAUL SEJOURNE,"{'lat': 43.605804, 'lng': 1.428054}",False,False,21,5,15,OPEN,1731945487000
362,toulouse,00362 - POUVOURVILLE - GOSCINNY,"Chemin de Pouvourville, face rue de la Cocagne","{'lat': 43.550243, 'lng': 1.457515}",True,False,13,13,0,OPEN,1731945249000
173,toulouse,00173 - BOURGES - MAUNOURY - SÉGLA,25 AV MAURICE BOURGES MAUNOURY,"{'lat': 43.633171, 'lng': 1.450638}",False,False,19,14,4,OPEN,1731945365000
70,toulouse,00070 - PLACE DU FER A CHEVAL,5 PLACE DU FER A CHEVAL,"{'lat': 43.592366, 'lng': 1.434121}",False,False,18,18,0,OPEN,1731945226000
141,toulouse,00141 - FONTAINE LESTANG METRO,237 RUE HENRI DESBALS,"{'lat': 43.587389, 'lng': 1.417918}",False,False,18,16,1,OPEN,1731945399000
108,toulouse,00108 - MARQUETTE - SÉBASTOPOL,40 RUE SEBASTOPOL,"{'lat': 43.612279, 'lng': 1.428827}",False,False,20,13,7,OPEN,1731945397000
85,toulouse,00085 - BARCELONE - LECLERC,2 BD DU MARECHAL LECLERC,"{'lat': 43.606847, 'lng': 1.430615}",False,False,22,8,14,OPEN,1731945518000
331,toulouse,00331 - LAVAUR - DALOU,"41, rue Jules Dalou - Angle avenue Lavaur","{'lat': 43.622578, 'lng': 1.462668}",False,False,13,10,3,OPEN,1731945181000
202,toulouse,00202 - SAINT-EXUPERY - BUTTE,165 AV ANTOINE DE ST EXUPERY,"{'lat': 43.581632, 'lng': 1.475865}",False,False,17,14,3,OPEN,1731945541000
102,toulouse,00102 -  MISTRAL - FLEURANCE,18 ALLEE FREDERIC MISTRAL,"{'lat': 43.593567, 'lng': 1.453066}",False,False,19,11,5,OPEN,1731945550000
143,toulouse,00143 - DESBALS - SAINTONGE,PL GENEVIEVE ANTHONIOZ DE GAULLE / ANGLE RUE HENRY DESBALS,"{'lat': 43.581384, 'lng': 1.413607}",True,False,20,13,5,OPEN,1731945409000
106,toulouse,00106 - BRIENNE - DELORME,99 ALL DE BRIENNE,"{'lat': 43.608424, 'lng': 1.423848}",False,False,21,17,3,OPEN,1731945067000
30,toulouse,00030 - PLACE ANATOLE FRANCE,40 PL ANATOLE FRANCE,"{'lat': 43.606241, 'lng': 1.438341}",False,False,25,20,3,OPEN,1731945554000
170,toulouse,00170 - ALBI - NICOL,FACE 163 CHE NICOL,"{'lat': 43.635586, 'lng': 1.464289}",True,False,17,14,3,OPEN,1731945455000
274,toulouse,00274 - GALLIENI GARE,FACE 296 RTE DE SEYSSES / HALTE SNCF GALLIENI - CANCEROPOLE,"{'lat': 43.573998, 'lng': 1.419495}",False,False,18,11,6,OPEN,1731945481000
123,toulouse,00123 - HOTEL DE POLICE,1 RUE DE CHAUSSAS,"{'lat': 43.61497, 'lng': 1.432909}",False,False,23,21,1,OPEN,1731945449000
6,toulouse,00006 - LOIS - CAPITOL,10 RUE DES LOIS,"{'lat': 43.605161, 'lng': 1.442323}",False,False,18,11,5,OPEN,1731945466000
213,toulouse,00213 - PUJOL - CHAUBET,129 AV DE CASTRES,"{'lat': 43.600704, 'lng': 1.467249}",False,False,17,15,2,OPEN,1731945360000
257,toulouse,00257 - CHÂT DE L'HERS - FONTANELLES,CH DU CHATEAU DE L'HERS / ANGLE CH FONTANELLES,"{'lat': 43.600712, 'lng': 1.48356}",False,False,16,8,6,OPEN,1731945020000
9,toulouse,00009 - ROQUEMAUREL - MAILLARD,RUE ROQUEMAUREL / ANGLE 3 RUE ANNE FRANCK,"{'lat': 43.596069, 'lng': 1.410505}",False,False,18,15,2,OPEN,1731945121000
389,toulouse,00389 - EGLISE - LARDENNE,"199, avenue de Lardenne","{'lat': 43.591193, 'lng': 1.384961}",False,False,13,3,9,OPEN,1731945090000
332,toulouse,00332 - PLACE ROSINE BET,"1, place Rosine Bet","{'lat': 43.623677, 'lng': 1.467356}",False,False,13,11,0,OPEN,1731945338000
97,toulouse,00097 - BONREPOS - RAYMOND IV,FACE AU 66 RUE RAYMOND IV,"{'lat': 43.612475, 'lng': 1.451558}",False,False,21,17,4,OPEN,1731945525000
49,toulouse,00049 - PLACE DU PONT - NEUF,DEVANT 12 PLACE DU PONT NEUF,"{'lat': 43.599598, 'lng': 1.440942}",False,False,24,9,14,OPEN,1731945396000
347,toulouse,00347 - REVEL - ARMENTIÈRES,"Face, 1 rue d'Armentières","{'lat': 43.573815, 'lng': 1.491081}",False,False,13,11,1,OPEN,1731944989000
359,toulouse,00359 - SALADE PONSAN - SAHUQUE,"Face au 49, chemin salade Ponsan","{'lat': 43.563636, 'lng': 1.45531}",False,False,13,11,0,OPEN,1731945119000
191,toulouse,00191 - JARDIN DU PECH,395 ROUTE DE SAINT SIMON,"{'lat': 43.590046, 'lng': 1.415246}",False,False,18,16,1,OPEN,1731945509000
291,toulouse,00291 - ÎLE DU RAMIER TRAMWAY,"Carrefour pont Saint Michel  /  avenue du Grand Ramier, face Théâtre de verdure","{'lat': 43.592077, 'lng': 1.439829}",False,False,13,8,3,OPEN,1731945276000
52,toulouse,00052 - DUPORTAL - RAYMOND V,39 BD ARMAND DUPORTAL,"{'lat': 43.608571, 'lng': 1.434762}",False,False,21,4,17,OPEN,1731945548000
104,toulouse,00104 - AV. DE MURET TRAMWAY,219 AV DE MURET,"{'lat': 43.589126, 'lng': 1.431449}",False,False,18,11,3,OPEN,1731945531000
19,toulouse,00019 - CARNOT - PERI,1 RUE DES 7 TROUBADOURS,"{'lat': 43.605503, 'lng': 1.449267}",False,False,24,19,3,OPEN,1731945532000
13,toulouse,00013 - LOIS - ESQUILE,1 RUE DE L ESQUILE,"{'lat': 43.606146, 'lng': 1.44135}",False,False,15,4,10,OPEN,1731945477000
129,toulouse,00129 - CROIX DE PIERRE TRAMWAY,2 BD DEODAT DE SEVERAC,"{'lat': 43.585732, 'lng': 1.427853}",False,False,16,0,0,CLOSED,1728022407000
287,toulouse,00287 - STADE TOULOUSAIN,114 RUE DES TROENES / ANGLE STADE ERNEST WALLON,"{'lat': 43.620607, 'lng': 1.415125}",True,False,30,17,13,OPEN,1731945547000
284,toulouse,00284 - ATLANTA - AGDE,67 RTE D'AGDE / RD PT DAVID FREIMAN,"{'lat': 43.627013, 'lng': 1.477098}",False,False,15,14,1,OPEN,1731945341000
342,toulouse,00342 - GLOIRE - CHIRAC,"Face 2 bis, chemin de Pelleport","{'lat': 43.606975, 'lng': 1.473375}",False,False,13,7,6,OPEN,1731945540000
323,toulouse,00323 - RAYNAL - ALLIER,"Face 81, chemin Raynal","{'lat': 43.631641, 'lng': 1.454852}",False,False,13,8,3,OPEN,1731945317000
158,toulouse,00158 - URSS - MARAN,57 AV DE L'URSS,"{'lat': 43.580915, 'lng': 1.449198}",True,False,20,13,7,OPEN,1731945162000
299,toulouse,00299 - VOSGES - BEAUCE,"66, rue de la Beauce","{'lat': 43.581868, 'lng': 1.419446}",False,False,13,8,5,OPEN,1731945078000
327,toulouse,00327 - ROSTAND - EIDENBENZ,"32, 34 rue Edmond Rostand","{'lat': 43.644197, 'lng': 1.463566}",False,False,13,6,7,OPEN,1731945160000
168,toulouse,00168 - PLACE BILA,FACE 3 PL BILA,"{'lat': 43.626597, 'lng': 1.458835}",False,False,20,15,5,OPEN,1731945524000
179,toulouse,00179 - PLANA - CASSAING,5 CH CASSAING,"{'lat': 43.616938, 'lng': 1.473616}",False,False,17,13,2,OPEN,1731945509000
204,toulouse,00204 - PLACE ROGER ARNAUD,PL ROGER ARNAUD,"{'lat': 43.586859, 'lng': 1.463178}",True,False,18,17,1,OPEN,1731945528000
398,toulouse,00398 - MARTRE - CAULET,"6, rue de Caulet - Carrefour rue de Caulet / rue Marius Tercé","{'lat': 43.606204, 'lng': 1.355664}",False,False,13,2,11,OPEN,1731945302000
249,toulouse,00249 - ALBI - LUCHET,147 RTE D'ALBI,"{'lat': 43.637842, 'lng': 1.464879}",False,False,18,16,1,OPEN,1731945137000
312,toulouse,00312 - BASE DE LOISIRS SESQUIERES,Lac de Sesquières  - Devant l'entrée Wam Park,"{'lat': 43.651836, 'lng': 1.419854}",False,False,13,10,3,OPEN,1731945463000
15,toulouse,00015 - PORT SAINT SAUVEUR - SEEL,FACE AU 5 PORT SAINT-SAUVEUR,"{'lat': 43.596411, 'lng': 1.456584}",False,False,20,18,0,OPEN,1731945521000
247,toulouse,00247 - RTE DE LAUNAGUET - AUDIBERT,FACE 112 RTE DE LAUNAGUET,"{'lat': 43.636446, 'lng': 1.438984}",False,False,17,13,3,OPEN,1731945358000
134,toulouse,00134 - EGLISE BONNEFOY,8 ALLEE DE L'EGLISE BONNEFOY,"{'lat': 43.619031, 'lng': 1.456759}",True,False,19,15,2,OPEN,1731945555000
76,toulouse,00076 - RECLUSANE - PLACE OLIVIER,"PLACE OLIVIER, DEVANT N°1 RUE  RECLUSANE","{'lat': 43.598478, 'lng': 1.434043}",False,False,16,2,10,OPEN,1731945408000
112,toulouse,00112  BRANLY - PLACE RUSSELL,47 ALLEE BRANLY,"{'lat': 43.585409, 'lng': 1.453014}",False,False,20,12,6,OPEN,1731945544000
193,toulouse,00193 - LOMBEZ - PETITE VITESSE,59 AV DE LOMBEZ,"{'lat': 43.59487, 'lng': 1.415088}",False,False,20,16,3,OPEN,1731945395000
190,toulouse,00190 - ESPAGNE - OUSTALOUS,39 RTE D'ESPAGNE,"{'lat': 43.577437, 'lng': 1.423953}",False,False,20,14,1,OPEN,1731945365000
241,toulouse,00241 - ESPAGNE - CHARPENTIER,57 RTE D'ESPAGNE,"{'lat': 43.575101, 'lng': 1.424227}",False,False,20,8,9,OPEN,1731945292000
253,toulouse,00253 - ÉTATS-UNIS - CHARLAS,FACE 74 AV DES ETATS-UNIS (GARAGE RENAULT TOULOUSE),"{'lat': 43.630519, 'lng': 1.43234}",False,False,20,17,2,OPEN,1731945345000
89,toulouse,00089 - COMPANS - CAFFARELLI MÉTRO,1 ESP COMPANS-CAFFARELLI,"{'lat': 43.611073, 'lng': 1.436704}",False,False,22,18,1,OPEN,1731945423000
366,toulouse,00366 - ONCOPOLE TÉLÉO,avenue Irène Joliot Curie,"{'lat': 43.554843, 'lng': 1.428013}",True,False,13,6,5,OPEN,1731944959000
100,toulouse,00100 - PORT ST - SAUVEUR - SABATIER,16 ALL PAUL SABATIER,"{'lat': 43.596652, 'lng': 1.45564}",False,False,20,17,0,OPEN,1731945481000
215,toulouse,00215 - ARGOULETS MÉTRO,FACE 8 RUE DE GAILLAC,"{'lat': 43.623823, 'lng': 1.475935}",True,False,20,12,7,OPEN,1731945548000
54,toulouse,00054 - CHAINE - TIERCERETTES,10 RUE DE LA CHAINE,"{'lat': 43.608674, 'lng': 1.439461}",False,False,17,6,9,OPEN,1731945486000
8,toulouse,00008 - VIDAL - SAINT - JEROME,19 RUE PAUL VIDAL,"{'lat': 43.603205, 'lng': 1.448118}",False,False,25,9,13,OPEN,1731945198000
180,toulouse,00180 - PLACE DE SOUPETARD,3 PLACE DE SOUPETARD,"{'lat': 43.612162, 'lng': 1.477347}",False,False,18,14,4,OPEN,1731945517000
277,toulouse,00277 - ZAMENHOF,10/12 RUE ZAMENHOF,"{'lat': 43.585431, 'lng': 1.377279}",False,False,18,9,9,OPEN,1731945553000
214,toulouse,00214 - CASTRES - ACHIARY,48 AV DE CASTRES,"{'lat': 43.600828, 'lng': 1.473579}",False,False,17,17,0,OPEN,1731945466000
2,toulouse,00002 - LAFAYETTE,21 RUE LAFAYETTE,"{'lat': 43.604885, 'lng': 1.445306}",False,False,24,14,5,OPEN,1731945546000
199,toulouse,00199 - DELTOUR - RIEUX,4 BD DELTOUR,"{'lat': 43.591484, 'lng': 1.470014}",False,False,22,17,0,OPEN,1731945492000
223,toulouse,00223 - BELIN - ROCHE,7 AV EDOUARD BELIN ANGLE AV ROCHE RD-PT GUY DU MERLE,"{'lat': 43.565079, 'lng': 1.478297}",True,False,22,14,4,OPEN,1731945485000
164,toulouse,00164 - SAOUZELONG - MÉTRO,FACE 79 AV ALBERT BEDOUCE,"{'lat': 43.579846, 'lng': 1.460126}",False,False,20,18,2,OPEN,1731945414000
10,toulouse,00010 - PLACE ESQUIROL,15 PL ETIENNE ESQUIROL,"{'lat': 43.600348, 'lng': 1.444659}",True,False,44,40,2,OPEN,1731945544000
330,toulouse,00330 - LAPUJADE - BARTOLI,"Face 72, chemin de  Lapujade","{'lat': 43.622099, 'lng': 1.453553}",False,False,13,10,3,OPEN,1731945440000
35,toulouse,00035 - PLACE JEANNE D'ARC,1 RUE RAYMOND IV,"{'lat': 43.609602, 'lng': 1.446881}",False,False,25,21,3,OPEN,1731945387000
1032,toulouse,1032 -  BORNE CGB ATELIER 2,,"{'lat': 43.6159088, 'lng': 1.0001755}",False,False,21,3,15,OPEN,1731945542000
250,toulouse,00250 - 11 NOVEMBRE - NÉGOGOUSSES,RUE DU 11 NOVEMBRE FACE 45 RUE DU 14 JUILLET,"{'lat': 43.593052, 'lng': 1.414659}",False,False,18,14,1,OPEN,1731945540000
45,toulouse,00045 - OZENNE - NAZARETH,10 RUE THEODORE OZENNE,"{'lat': 43.596314, 'lng': 1.447081}",False,False,19,9,7,OPEN,1731945536000
83,toulouse,00083 - SÉJOURNÉ - AMIDONNIERS,2 AV PAUL SEJOURNE,"{'lat': 43.605687, 'lng': 1.428225}",False,False,17,4,13,OPEN,1731945493000
47,toulouse,00047 -  LANGUEDOC - NAZARETH,12 RUE DU LANGUEDOC,"{'lat': 43.595247, 'lng': 1.445416}",False,False,30,24,5,OPEN,1731945465000
383,toulouse,00383 - PARC DE LA MOUNEDE,"8, rue Roger Camboulives","{'lat': 43.572131, 'lng': 1.38317}",False,False,13,5,5,OPEN,1731945392000
231,toulouse,00231 - NARBONNE - DURAND,FACE 215 RTE DE NARBONNE ANGLE ALL EMILE DURAND,"{'lat': 43.557264, 'lng': 1.46541}",False,False,20,11,5,OPEN,1731945482000
44,toulouse,00044 - PLACE SAINT - JACQUES,1 ALL FORAIN FRANCOIS VERDIER,"{'lat': 43.597825, 'lng': 1.451609}",False,False,22,18,2,OPEN,1731945461000
171,toulouse,00171 - ALBI - PELET,191 RTE D'ALBI,"{'lat': 43.641034, 'lng': 1.466458}",False,False,17,8,7,OPEN,1731945231000
162,toulouse,00162 - PLACE D'ITALIE,FACE 49 AV D' ITALIE,"{'lat': 43.580296, 'lng': 1.45486}",False,False,17,11,4,OPEN,1731945079000
328,toulouse,00328 - NICOL - VASSEUR,"2, rue Vasseur","{'lat': 43.633437, 'lng': 1.469891}",False,False,13,6,6,OPEN,1731945077000
361,toulouse,00361 - POUVOURVILLE - BOURDETTE,Croisement chemin de Pouvourville / Chemin de la Bourdette,"{'lat': 43.5552, 'lng': 1.457169}",False,False,13,13,0,OPEN,1731945223000
31,toulouse,00031 - PLACE DU PEYROU,7 RUE DES SALENQUES,"{'lat': 43.607369, 'lng': 1.439453}",False,False,20,8,10,OPEN,1731945547000
138,toulouse,00138 - BARRIERE DE BAYONNE,3 BD JEAN BRUNHES,"{'lat': 43.597908, 'lng': 1.420144}",False,False,20,19,0,OPEN,1731945270000
216,toulouse,00216 - ARGOULETS - HOUDON,3 RUE JEAN HOUDON,"{'lat': 43.622823, 'lng': 1.474083}",False,False,17,14,3,OPEN,1731945492000
309,toulouse,00309 - ROUTE DE BLAGNAC - ROQUES,"Face 149, route de Blagnac / Rond-point Pierre Mounicq","{'lat': 43.622042, 'lng': 1.405735}",False,False,13,7,6,OPEN,1731945355000
194,toulouse,00194 - LOMBEZ - HIPPODROME,138 AV DE LOMBEZ,"{'lat': 43.593974, 'lng': 1.410268}",False,False,20,18,2,OPEN,1731945443000
353,toulouse,00353 - RODIER - PRANVILLE-NÉGRIN,"11, rue Jean Rodier","{'lat': 43.569898, 'lng': 1.485423}",False,False,13,9,3,OPEN,1731945458000
344,toulouse,00344 - RIEUX - VAISSE,"58, avenue Jean Rieux","{'lat': 43.596256, 'lng': 1.462071}",False,False,13,9,0,OPEN,1731945400000
98,toulouse,00098 - DEMOISELLES - CRAMPEL,80 ALL DES DEMOISELLES,"{'lat': 43.58771, 'lng': 1.459838}",False,False,21,19,1,OPEN,1731945493000
263,toulouse,00263 - LA CEPIÈRE - BAYLET,87 AV JEAN BAYLET / ANGLE CHEMIN CEPIERES SUR PARKING LYCEE POLYVALENT,"{'lat': 43.584444, 'lng': 1.398745}",False,False,18,12,2,OPEN,1731945491000
16,toulouse,00016 - STRASBOURG - BAYARD,32 BD DE STRASBOURG,"{'lat': 43.607847, 'lng': 1.446666}",False,False,21,19,2,OPEN,1731945495000
324,toulouse,00324 - ROSTAND - DURAND,"Face 113, rue Edmond Rostand","{'lat': 43.642299, 'lng': 1.4496236}",False,False,13,9,2,OPEN,1731945381000
169,toulouse,00169 - ALBI - AVRANCHES,65 RTE D'ALBI,"{'lat': 43.632532, 'lng': 1.463081}",False,False,17,13,4,OPEN,1731916389000
39,toulouse,00039 - PLACE DE DAMLOUP,9 PL DE DAMLOUP,"{'lat': 43.605855, 'lng': 1.452805}",False,False,19,7,10,OPEN,1731945498000
306,toulouse,00306 - DEODAT - ARCS SAINT CYPRIEN,"13 et 15, rue des Arcs Saint-Cyprien","{'lat': 43.590111, 'lng': 1.423003}",False,False,13,8,2,OPEN,1731945538000
201,toulouse,00201 - SAINT-EXUPERY - POTEZ,256 AV ANTOINE DE ST EXUPERY,"{'lat': 43.579763, 'lng': 1.480838}",False,False,18,9,7,OPEN,1731945422000
302,toulouse,00302 - JARDIN DU BARRY,"Carrefour rue du Docteur Suzanne Noel / Voie du TOEC, face jardins du Barry","{'lat': 43.601379, 'lng': 1.403879}",False,False,13,12,0,OPEN,1731945437000
198,toulouse,00198 - DELTOUR - LAFILAIRE,FACE 25 CHEMIN LAFILAIRE,"{'lat': 43.596193, 'lng': 1.473375}",False,False,20,18,0,OPEN,1731945124000
301,toulouse,00301 - LARDENNE - BROMBACH,50 avenue de Lardenne,"{'lat': 43.592951, 'lng': 1.40379}",False,False,13,5,4,OPEN,1731945266000
258,toulouse,00258 - ATLANTA - CAMBARD,BD ATLANTA / ANGLE RUE CAMBARD,"{'lat': 43.629395, 'lng': 1.476186}",False,False,18,11,3,OPEN,1731945403000
56,toulouse,00056 - SAINT-SERNIN - MERLY,1 RUE MERLY,"{'lat': 43.609191, 'lng': 1.442749}",False,False,15,11,2,OPEN,1731945209000
159,toulouse,00159 - SAINT - AGNE GARE,96 AV JULES JULIEN,"{'lat': 43.578572, 'lng': 1.450234}",False,False,20,4,13,OPEN,1731945456000
300,toulouse,00300 - VESTREPAIN - BAGATELLE,"7, chemin de Bagatelle","{'lat': 43.584492, 'lng': 1.411057}",False,False,13,7,4,OPEN,1731945529000
72,toulouse,00072 - FITTE -  MAGNE,23 ALL CHARLES DE FITTE,"{'lat': 43.59522, 'lng': 1.432503}",False,False,20,14,4,OPEN,1731945366000
146,toulouse,00146 - SANG DE SERP - DAGNAUX,57 CHEMIN DU SANG DE SERP,"{'lat': 43.61567, 'lng': 1.428308}",False,False,20,20,0,OPEN,1731945316000
395,toulouse,00395 - BAYONNE - SENTENAC,"Parking face 1, rue René Sentenac (rond-point)","{'lat': 43.608999, 'lng': 1.379956}",True,False,13,10,3,OPEN,1731945444000
377,toulouse,00377 - MONLONG - LOUP,"Face 55, bis chemin du loup","{'lat': 43.554796, 'lng': 1.387295}",False,False,13,8,5,OPEN,1731945436000
369,toulouse,00369 - ROUTE DE SEYSSES - RÉGIS,,"{'lat': 43.548387, 'lng': 1.390449}",False,False,13,8,5,OPEN,1731945331000
261,toulouse,00261 - VAN DYCK - RAPHAËL,DEVANT 6 RUE VAN DICK / FACE RUE RAPHAEL,"{'lat': 43.640631, 'lng': 1.440154}",False,False,18,13,2,OPEN,1731945229000
151,toulouse,00151 - CURIE - NEGRENEYS,27 BD PIERRE ET MARIE CURIE,"{'lat': 43.624514, 'lng': 1.443326}",False,False,24,22,1,OPEN,1731945332000
321,toulouse,00321 - NÉGRENEYS - ANGES,"57, rue des Anges","{'lat': 43.620308, 'lng': 1.440963}",False,False,13,9,0,OPEN,1731945261000
238,toulouse,00238 - HERBETTES - BUTTE,FACE 48/58 CHEMIN DE LA BUTTE,"{'lat': 43.579341, 'lng': 1.47313}",False,False,17,14,2,OPEN,1731945489000
80,toulouse,00080 - FITTE - VARSI,89B ALLEE CHARLES DE FITTE,"{'lat': 43.599637, 'lng': 1.429338}",False,False,22,18,4,OPEN,1731945214000
316,toulouse,00316 - FRONTON - HAON,"Rond-point Maurice Espitalier - carrefour avenue de Fronton, rue André Haon","{'lat': 43.656202, 'lng': 1.432254}",False,False,13,11,2,OPEN,1731945500000
57,toulouse,00057  ARCOLE - MERLY,15 RUE MERLY,"{'lat': 43.6103, 'lng': 1.442975}",False,False,15,13,1,OPEN,1731945315000
269,toulouse,00269 - PLACE JACQUES SAUVEGRAIN,PL JACQUES SAUVEGRAIN / ANGLE AV DE LARDENNES,"{'lat': 43.589921, 'lng': 1.377827}",True,False,18,14,3,OPEN,1731945311000
285,toulouse,00285 - BALMA GRAMONT MÉTRO,METRO GRAMONT / ANGLE RUE SAINT JEAN,"{'lat': 43.628659, 'lng': 1.482629}",True,False,18,9,9,OPEN,1731945547000
349,toulouse,00349 - REVEL - NOUADHIBOU,"100m après 238, route de Revel - Carrefour rond-point route de Revel/rue Nouadhibou","{'lat': 43.567084, 'lng': 1.506071}",False,False,13,4,8,OPEN,1731945253000
58,toulouse,00058  ARCOLE  - CONCORDE,4 RUE DE LA CONCORDE,"{'lat': 43.610663, 'lng': 1.443637}",True,False,25,23,0,OPEN,1731945499000
272,toulouse,00272 - ATLANTA - VASSEUR,BD ATLANTA / FACE 31 RUE ANDRE VASSEUR,"{'lat': 43.635421, 'lng': 1.472855}",False,False,17,9,7,OPEN,1731945523000
345,toulouse,00345 - CASTRES - LASBORDES,"Parking face 241, avenue de Castres","{'lat': 43.594671, 'lng': 1.488444}",False,False,13,8,4,OPEN,1731945486000
372,toulouse,00372 - REYNERIE MÉTRO,Angle rue André Maginot / Place André Abbal,"{'lat': 43.571497, 'lng': 1.402857}",False,False,13,3,6,OPEN,1731945432000
95,toulouse,00095 - THÉATRE GARONNE,4 AV DU CHÂTEAU D'EAU,"{'lat': 43.602426, 'lng': 1.425347}",False,False,22,20,1,OPEN,1731945524000
222,toulouse,00222 - ROCHE - LAAS,15 AV DU COLONEL ROCHE,"{'lat': 43.563894, 'lng': 1.474416}",False,False,19,2,14,OPEN,1731664141000
313,toulouse,00313 - RUE DE FENOUILLET - VERNE,"58, rue de Fenouillet","{'lat': 43.628271, 'lng': 1.425653}",False,False,13,6,5,OPEN,1731945429000
325,toulouse,000325 - PLACE ROGER LOUPIAC,"Place Roger Loupiac - face 1 et 3, rue Thérèse Avondo","{'lat': 43.648121, 'lng': 1.450024}",False,False,13,5,8,OPEN,1731945537000
92,toulouse,00092 - CHALETS - DOUVILLÉ,31 RUE DES CHALETS,"{'lat': 43.613149, 'lng': 1.441326}",False,False,15,10,5,OPEN,1731945501000
38,toulouse,00038 - JAURES - BACHELIER,54 ALLEE JEAN JAURES,"{'lat': 43.607222, 'lng': 1.451244}",False,False,31,20,6,OPEN,1731945295000
357,toulouse,00357 - BELIN - TARFAYA,"23, avenue Edouard Belin","{'lat': 43.562329, 'lng': 1.48431}",False,False,13,8,4,OPEN,1731945391000
140,toulouse,00140 - PLACE EMILE MALE,PLACE EMILE MALE,"{'lat': 43.591661, 'lng': 1.418768}",False,False,29,28,0,OPEN,1731945340000
290,toulouse,00290 - AMIDONNIERS - DEBAT-PONSAN,"71, bis rue des amidonniers","{'lat': 43.606453, 'lng': 1.420798}",False,False,13,0,13,OPEN,1731945496000
4,toulouse,00004 - GAMBETTA - SAINTE - URSULE,15 RUE SAINTE-URSULE,"{'lat': 43.602671, 'lng': 1.442031}",False,False,20,2,16,OPEN,1731945545000
136,toulouse,00136 - FONTAINES - MILHES,FACE 175 RUE DES FONTAINES,"{'lat': 43.60202, 'lng': 1.414772}",False,False,15,10,3,OPEN,1731945266000
176,toulouse,00176 - CIMETIERE COMPANS,1 RUE DU GENERAL COMPANS,"{'lat': 43.606701, 'lng': 1.458143}",False,False,18,12,5,OPEN,1731945521000
142,toulouse,00142 - LYCEE DEODAT DE SEVERAC,FACE AU 65 BD DEODAT DE SEVERAC,"{'lat': 43.588046, 'lng': 1.42436}",False,False,20,18,1,OPEN,1731945555000
237,toulouse,00237 - BELIN - CNES,16 BIS AV EDOUARD BELIN FACE CNRS,"{'lat': 43.562273, 'lng': 1.480912}",False,False,20,14,5,OPEN,1731945536000
28,toulouse,00028 - PLACE SAINT-PIERRE,2 PLACE SAINT-PIERRE,"{'lat': 43.603228, 'lng': 1.436034}",True,False,22,10,6,OPEN,1731945484000
182,toulouse,00182 - CHAUBET - PLANA,FACE 155 AV JEAN CHAUBET,"{'lat': 43.60592, 'lng': 1.481742}",True,False,20,16,4,OPEN,1731945279000
286,toulouse,00286 - FONTAINES - BRUN,"40, rue des Fontaines","{'lat': 43.600241, 'lng': 1.42564}",False,False,13,8,5,OPEN,1731945521000
94,toulouse,00094 - LYON - SÉMARD,76 BD DE LA GARE,"{'lat': 43.614083, 'lng': 1.451158}",True,False,25,21,2,OPEN,1731945457000
320,toulouse,00320 PARC DE LA VIOLETTE,"Face 14, rue Virginia Wolf","{'lat': 43.654363, 'lng': 1.438131}",False,False,13,11,2,OPEN,1731945137000
293,toulouse,00293 - TASSIGNY - MOMBIOLA,"Face 11, rue Maria Mombiola / 50m avant l’annexe Mairie Empalot (« La brique rouge » )","{'lat': 43.578537, 'lng': 1.438375}",False,False,13,7,5,OPEN,1731945516000
206,toulouse,00206 - RIEUX - LEYGUE,20 AV ARMAND LEYGUE,"{'lat': 43.594117, 'lng': 1.465197}",True,False,18,15,2,OPEN,1731945280000
360,toulouse,00360 - SALADE PONSAN - VALLON,Croisement chemin salade Ponsan / Chemin du Vallon,"{'lat': 43.560168, 'lng': 1.457394}",False,False,13,9,3,OPEN,1731945192000
127,toulouse,00127 - DEMOISELLES - BÉGUÉ - DAVID,1 RUE BEGUE,"{'lat': 43.589802, 'lng': 1.455967}",False,False,15,15,0,OPEN,1731945508000
279,toulouse,00279 - CASSELARDIT - ESPAGNO,AV DE CASSELARDIT / ANGLE AV DU PR GUY ESPAGNO,"{'lat': 43.613555, 'lng': 1.401417}",False,False,18,3,14,OPEN,1731945496000
88,toulouse,00088 - LASCROSSES - DUPORTAL,17T BD LASCROSSES,"{'lat': 43.61009, 'lng': 1.434974}",True,False,25,20,2,OPEN,1731945474000
251,toulouse,00251 - JOLIMONT MÉTRO,26 AV LEON BLUM ANGLE RUE LEON JOUHAUX,"{'lat': 43.61432, 'lng': 1.461721}",False,False,14,12,0,OPEN,1731945271000
333,toulouse,00333 - CHEMIN DE TOURNEFEUILLE - LESBRE,"Parking carrefour, chemin de Tournefeuille / impasse Michel Lesbre","{'lat': 43.597281, 'lng': 1.369665}",False,False,13,12,1,OPEN,1731945448000
226,toulouse,00226 - CASSELARDIT - FONTAINES,FACE 287 RUE DES FONTAINES ANGLE AV DE CASSELARDIT,"{'lat': 43.604159, 'lng': 1.407267}",False,False,17,15,2,OPEN,1731945554000
91,toulouse,00091 - ARCOLE - BALANCE,48 BD D'ARCOLE,"{'lat': 43.611556, 'lng': 1.439662}",False,False,21,18,3,OPEN,1731945278000
308,toulouse,00308 - SEPT DENIERS - TROÈNES,Carrefour des Troènes - 76 chemin des Sept Deniers,"{'lat': 43.620967, 'lng': 1.412027}",False,False,13,12,0,OPEN,1731945057000
122,toulouse,00122 - PASSERELLE HAEDENS,57 BD DE L EMBOUCHURE,"{'lat': 43.613504, 'lng': 1.430339}",False,False,19,18,1,OPEN,1731945324000
185,toulouse,00185 - ROUBICHOU - ARLES,30 RUE ROUBICHOU,"{'lat': 43.627108, 'lng': 1.465538}",False,False,15,14,1,OPEN,1731945482000
27,toulouse,00027 - TOUNIS - PONT NEUF,20 M APRES 122 QUAI DE TOUNIS,"{'lat': 43.598966, 'lng': 1.440387}",False,False,22,14,8,OPEN,1731945203000
220,toulouse,00220 -  MIRAIL UNIVERSITÉ MÉTRO,3 RUE DE L'UNIVERSITE,"{'lat': 43.574466, 'lng': 1.402211}",True,False,19,14,4,OPEN,1731945457000
209,toulouse,00209 - BAROUX - DARASSE,4 AV LUCIEN BAROUX,"{'lat': 43.589557, 'lng': 1.4789}",False,False,18,12,4,OPEN,1731945395000
78,toulouse,00078 - ST - CYPRIEN - MÉTRO DARRÉ,14 PL INTERIEURE ST CYPRIEN,"{'lat': 43.598124, 'lng': 1.431382}",True,False,17,10,4,OPEN,1731945546000
310,toulouse,00310 - DALI-BONIN,"3, rue Louis Bonin","{'lat': 43.626244, 'lng': 1.411083}",False,False,13,3,9,OPEN,1731945094000
337,toulouse,00337 -CHIRAC - HEREDIA,"1, rue David Elbaz","{'lat': 43.612555, 'lng': 1.467544}",False,False,13,7,5,OPEN,1731945544000
26,toulouse,00026 - DALBADE - PARADOUX,9 RUE HENRY DE GORSSE,"{'lat': 43.597941, 'lng': 1.443002}",False,False,22,17,3,OPEN,1731945555000
230,toulouse,0230 - UT3 - CHAMPS MAGNETIQUES,141 AV DE RANGUEIL,"{'lat': 43.567307, 'lng': 1.467715}",False,False,20,12,3,OPEN,1731945527000
382,toulouse,00382 - LIFFARD - SAINT SIMON,"Face 66, chemin de Liffard","{'lat': 43.564413, 'lng': 1.375571}",False,False,13,13,0,OPEN,1731945290000
149,toulouse,00149 -BD DES MINIMES - RAISIN,FACE 2 CHEMIN DU RAISIN,"{'lat': 43.61539, 'lng': 1.448573}",False,False,22,20,1,OPEN,1731945404000
59,toulouse,00059 - CONCORDE - PRINTEMPS,61 RUE DE LA CONCORDE,"{'lat': 43.613442, 'lng': 1.446395}",False,False,18,13,2,OPEN,1731945451000
42,toulouse,00042 - ESCANDE - DAURIAC,3 BD PR LEOPOLD ESCANDE / FACE ASSURANCE MALADIE HG,"{'lat': 43.601607, 'lng': 1.456158}",False,False,20,15,5,OPEN,1731945427000
107,toulouse,00107 - LASCROSSE - SÉBASTOPOL,1 RUE DE SEBASTOPOL,"{'lat': 43.60962, 'lng': 1.430401}",False,False,27,20,4,OPEN,1731945547000
246,toulouse,00246 - WAGNER - BRUNHES,29 BD RICHARD WAGNER ANGLE BD JEAN BRUNHES,"{'lat': 43.603842, 'lng': 1.420002}",False,False,20,15,5,OPEN,1731945536000
219,toulouse,00219 - RTE DE BLAGNAC - PUCCINI,35 RUE GIACOMO PUCCINI,"{'lat': 43.614514, 'lng': 1.411161}",False,False,18,15,3,OPEN,1731945098000
163,toulouse,00163 - BEDOUCE - MARNE,115 AV ALBERT BEDOUCE,"{'lat': 43.581506, 'lng': 1.462341}",False,False,20,17,2,OPEN,1731945509000
99,toulouse,00099 - METZ - REMPART ST-ÉTIENNE,7 RUE DU REMPART ST ETIENNE,"{'lat': 43.6008250248339, 'lng': 1.45065484986121}",False,False,16,11,2,OPEN,1731945442000
267,toulouse,00267 - GONIN - GÉNIN,2 IMP GASTON GENIN ANGLE RUE CLAUDE GONIN,"{'lat': 43.573895, 'lng': 1.483924}",False,False,16,7,8,OPEN,1731945477000
113,toulouse,00113 - DUMÉRIL - LAMARCK,FACE 58 RUE DUMERIL,"{'lat': 43.592349, 'lng': 1.449015}",False,False,20,15,5,OPEN,1731945411000
317,toulouse,00317 - GAUSSEN - CROIX-BÉNITE,"Face, 22 - 24 boulevard Henri Gaussen","{'lat': 43.662024, 'lng': 1.434622}",False,False,13,6,7,OPEN,1731944973000
133,toulouse,00133 - MINIMES C.NOUGARO MÉTRO,71 AV DES MINIMES,"{'lat': 43.620693, 'lng': 1.435612}",False,False,22,20,1,OPEN,1731945430000
352,toulouse,00352 - MONTAUDRAN GARE,"10, avenue de l’aérodrome de Montaudran","{'lat': 43.573248, 'lng': 1.48022}",True,False,13,5,3,OPEN,1731945473000
148,toulouse,00148 - COLLIGNON - RAISIN,16 AV DE COLLIGNON,"{'lat': 43.617712, 'lng': 1.445142}",False,False,19,12,2,OPEN,1731945058000
335,toulouse,00335 - COLONNE - REILLE,"Face 5, rue Maréchal Honoré Reille","{'lat': 43.609218, 'lng': 1.459543}",False,False,13,8,2,OPEN,1731945456000
283,toulouse,00283 - TROIS COCUS MÉTRO,12 RUE DU COL PAUL PAILLOLE PL MICOULEAU,"{'lat': 43.638055, 'lng': 1.444344}",False,False,20,18,1,OPEN,1731945326000
167,toulouse,00167 - LAPUJADE - FLANDRES,RUE LAPUJADE / ANGLE RUE DES FLANDRES,"{'lat': 43.624202, 'lng': 1.454685}",False,False,18,14,3,OPEN,1731945455000
205,toulouse,00205 - RIEUX - COTTAGES,58 AV DES COTTAGES,"{'lat': 43.585924, 'lng': 1.475057}",False,False,18,12,4,OPEN,1731945492000
265,toulouse,00265 - RTE DE SEYSSES - LONDRES,PASSAGE DU CANAL DE BORDELONGUE FACE 251 RTE DE SEYSSES,"{'lat': 43.568038, 'lng': 1.413363}",False,False,18,8,7,OPEN,1731945521000
116,toulouse,00116 - ST-MICHEL - NOTRE - DAME,50 GRANDE RUE SAINT-MICHEL,"{'lat': 43.588178, 'lng': 1.446446}",False,False,15,2,9,OPEN,1731740244000
86,toulouse,00086 - HÉRACLÈS - BÉARNAIS,23 RUE DU BEARNAIS,"{'lat': 43.608004, 'lng': 1.428585}",False,False,20,2,17,OPEN,1731945167000
66,toulouse,00066 - JARDIN ROYAL,RUE DU 8 MAI 1945 / FACE JARDIN ROYAL,"{'lat': 43.596419, 'lng': 1.45104}",False,False,23,19,1,OPEN,1731945464000
34,toulouse,00034 - STARSBOURG - BOSC,15 RUE JOSEPH BOSC,"{'lat': 43.609766, 'lng': 1.445681}",False,False,22,20,2,OPEN,1731945380000
314,toulouse,00314 - EGLISE DE LALANDE,,"{'lat': 43.646547, 'lng': 1.431152}",False,False,13,6,7,OPEN,1731945385000
240,toulouse,00240 - PLACE JOB,FACE 103 BIS ROUTE DE BLAGNAC,"{'lat': 43.616945, 'lng': 1.408383}",False,False,18,5,13,OPEN,1731945173000
119,toulouse,00119 - BRIENNE - CHAPOU,129 ALL DE BRIENNE,"{'lat': 43.610005, 'lng': 1.419568}",False,False,24,16,6,OPEN,1731945506000
351,toulouse,00351 - L'ENVOL DES PIONNIERS,"Sur piste cyclabe, carrefour 7, rue Jacqueline Auriol (Montaudran) / rue Beppo de Massini","{'lat': 43.574602, 'lng': 1.476596}",False,False,13,9,3,OPEN,1731945406000
275,toulouse,00275 - PLACE DES PRADETTES,41 AV LOUIS ARISTE PASSERIEU / PL DES PRADETTES,"{'lat': 43.58144, 'lng': 1.388774}",True,False,17,9,7,OPEN,1731945515000
350,toulouse,00350 - PISTE DES GÉANTS - TERECHKOVA,"Place de l’Aéropostale, rue Valentina Terechkova Montaudran","{'lat': 43.576029, 'lng': 1.473627}",False,False,13,6,3,OPEN,1731945178000
18,toulouse,00018 - STRASBOURG - JAURES,4 BD DE STRASBOURG,"{'lat': 43.606346, 'lng': 1.44813}",False,False,24,21,2,OPEN,1731945153000
160,toulouse,00160 - THEATRE JULES JULIEN,21 AV DES ECOLES JULES JULIEN,"{'lat': 43.57337, 'lng': 1.452405}",False,False,17,2,7,OPEN,1731945485000
282,toulouse,00282 -  WAGNER - VIVALDI,BD RICHARD WAGNER / ANGLE RUE ANTONIO VIVALDI,"{'lat': 43.606115, 'lng': 1.414755}",False,False,18,15,0,OPEN,1731945428000
130,toulouse,00130 - BILLIERES - PATTE D'OIE,66 TER AV ETIENNE BILLIERES,"{'lat': 43.596716, 'lng': 1.424382}",False,False,15,11,2,OPEN,1731945459000
12,toulouse,00012 - PARGAMINIERES - LAKANAL,66 RUE PARGAMINIERES,"{'lat': 43.60459, 'lng': 1.44002}",False,False,11,1,8,OPEN,1731945544000
117,toulouse,00117 - BILLIERES - ROGUET,39 AVENUE ETIENNE BILLIERES,"{'lat': 43.596889, 'lng': 1.426109}",False,False,20,13,5,OPEN,1731945545000
43,toulouse,00043 - PLACE DUPUY,14 PL DOMINIQUE MARTIN DUPUY,"{'lat': 43.600188, 'lng': 1.454764}",False,False,22,12,4,OPEN,1731945467000
232,toulouse,00232 - NARBONNE - CAUBERE,73 RTE DE NARBONNE,"{'lat': 43.569089, 'lng': 1.456292}",False,False,15,9,5,OPEN,1731945556000
61,toulouse,00061 - MATABIEAU GARE - BONREPOS,12 BD DE BONREPOS,"{'lat': 43.611052, 'lng': 1.452593}",False,False,40,17,16,OPEN,1731945552000
378,toulouse,00378 - BASSO CAMBO METRO,"P+R Métro Basso, entre Parc à vélo et parking aérien","{'lat': 43.569972, 'lng': 1.391809}",True,False,13,12,0,OPEN,1731945309000
211,toulouse,00211 - LA TERRASSE - LEDORMEUR,9 RUE LE DORMEUR,"{'lat': 43.583511, 'lng': 1.487795}",False,False,18,14,4,OPEN,1731945245000
165,toulouse,00165 -  AVIONS - LIBELLULES,33 AVENUE DES AVIONS,"{'lat': 43.57688, 'lng': 1.460189}",False,False,15,6,9,OPEN,1731945514000
278,toulouse,00278 - ARÈNES ROMAINES TRAMWAY,RD PT ANGLE AV DES ARENES ROMAINES RUE JEAN ESPITALIER,"{'lat': 43.614159, 'lng': 1.397008}",False,False,18,14,2,OPEN,1731945319000
270,toulouse,00270 - TRENTIN - VERNE,RUE JULES VERNE / ANGLE FACE 40 BD SILVIO TRENTIN,"{'lat': 43.623998, 'lng': 1.427823}",False,False,16,3,12,OPEN,1731945382000
307,toulouse,00307 - SUISSE - POLITKOVSKAIA,"38, boulevard de Suisse","{'lat': 43.61324, 'lng': 1.419932}",False,False,13,5,8,OPEN,1731945430000
17,toulouse,00017 - STRASBOURG - AUSTERLITZ,7 BD DE STRASBOURG,"{'lat': 43.606499, 'lng': 1.44769}",True,False,23,12,11,OPEN,1731945386000
326,toulouse,00326 - EBELOT - PUJIBET,"Face 55, rue Henri Ebelot (sur le rond-point)","{'lat': 43.638044, 'lng': 1.457716}",False,False,13,12,1,OPEN,1731945490000
46,toulouse,00046 - PLACE DES CARMES,1 PL DES CARMES,"{'lat': 43.597364, 'lng': 1.445314}",True,False,20,15,0,OPEN,1731945545000
218,toulouse,00218 - AMOUROUX - STE - AUGUSTINE,24 BIS CHE AMOUROUX,"{'lat': 43.627643, 'lng': 1.461861}",False,False,18,16,1,OPEN,1731945049000
203,toulouse,00203 - ST-EXUPERY - PETIT PRINCE,2 AV ANTOINE DE ST EXUPERY,"{'lat': 43.58355, 'lng': 1.470033}",False,False,20,18,2,OPEN,1731945379000
311,toulouse,00311 - ETATS-UNIS - GLACIÈRE,"Face 67, rue de la Glacière - carrefour rue de la Glacière / avenue des Etats-Unis","{'lat': 43.646471, 'lng': 1.426013}",False,False,13,4,7,OPEN,1731945264000
387,toulouse,00387 - CORIOLIS - DUPOUY,Avenue Gaspard Coriolis,"{'lat': 43.578813, 'lng': 1.379911}",False,False,13,8,5,OPEN,1731944999000
296,toulouse,00296 - ESPAGNE-LANGLADE,"89, route d'Espagne","{'lat': 43.571858, 'lng': 1.42447}",False,False,13,9,2,OPEN,1731945300000
132,toulouse,00132 - MINIMES - BAQUÉ,101 AVENUES DES MINIMES,"{'lat': 43.622966, 'lng': 1.434449}",False,False,19,11,5,OPEN,1731945329000
145,toulouse,00145 - GOUNOD - GARROS,29 RUE ROLAND GARROS,"{'lat': 43.613881, 'lng': 1.424953}",False,False,20,8,8,OPEN,1731945363000
32,toulouse,00032 - MUSEE SAINT-RAYMOND,2 PLACE SAINT-SERNIN / ANGLE 2 RUE DES 3 RENARDS,"{'lat': 43.607608, 'lng': 1.441304}",True,False,12,8,3,OPEN,1731945332000
374,toulouse,00374 - BELLEFONTAINE MÉTRO,Rue de Jérusalem face EHPAD Douste-Blazy,"{'lat': 43.56502, 'lng': 1.398906}",False,False,13,9,4,OPEN,1731945463000
5,toulouse,00005 - MARENGO - LEDUC,FACE AU 5 RUE RENE LEDUC,"{'lat': 43.611386, 'lng': 1.456729}",False,False,19,12,7,OPEN,1731945413000
289,toulouse,00289 - BIARRITZ - CASSELARDIT,"18, avenue de Biarritz","{'lat': 43.607189, 'lng': 1.409324}",False,False,13,3,10,OPEN,1731945357000
110,toulouse,00110 - SERRES - CABANEL,16 RUE ALEXANDRE CABANEL,"{'lat': 43.614227, 'lng': 1.437999}",False,False,18,15,2,OPEN,1731945395000
125,toulouse,00125 - BARRIERE DE PARIS MÉTRO,FACE AU 2 BARRIERE DE PARIS,"{'lat': 43.627017, 'lng': 1.434129}",False,False,25,20,4,OPEN,1731945497000
63,toulouse,00063 - PISCINE LEO LAGRANGE,54 RUE DES SEPT TROUBADOURS,"{'lat': 43.607468, 'lng': 1.454329}",False,False,22,10,10,OPEN,1731945467000
177,toulouse,00177 - BRUNAUD - BAILLAUD,64 RUE BAILLAUD,"{'lat': 43.617458, 'lng': 1.465428}",False,False,20,17,1,OPEN,1731945008000
73,toulouse,00073 - FITTE - TEINTURIERS,40 ALLEE CHARLES DE FITTE,"{'lat': 43.596294, 'lng': 1.432158}",False,False,16,7,8,OPEN,1731945501000
364,toulouse,00364 - ESPAGNE - GIRONIS,Rond-point Hélène Rouch – route d’Espagne face clinique Médipôle,"{'lat': 43.563741, 'lng': 1.425433}",False,False,13,12,1,OPEN,1731945411000
14,toulouse,00014 - PERIGORD,26 RUE DE PERIGORD,"{'lat': 43.60742, 'lng': 1.444699}",False,False,17,8,4,OPEN,1731945471000
181,toulouse,00181 - PLANA - GARNIER,27 AV LOUIS PLANA,"{'lat': 43.609275, 'lng': 1.479898}",False,False,17,8,8,OPEN,1731945022000
50,toulouse,00050 - HAURIOU - GARONNETTE,1 AV MAURICE HAURIOU,"{'lat': 43.594359, 'lng': 1.44095}",False,False,23,16,7,OPEN,1731945242000
20,toulouse,00020 - CARNOT - TROIS JOURNEES,69 BD LAZARE CARNOT,"{'lat': 43.604677, 'lng': 1.449586}",False,False,26,20,5,OPEN,1731945373000
155,toulouse,00155 - RÉCOLLETS - FERETRA,34 BD DES RECOLLETS,"{'lat': 43.583787, 'lng': 1.443299}",False,False,20,11,1,OPEN,1731945515000
264,toulouse,00264 - PLACE DES GLIÈRES,PLACE DES GLIERES,"{'lat': 43.565027, 'lng': 1.410324}",False,False,18,11,4,OPEN,1731945434000
256,toulouse,00256 - CITÉ DE L'HERS - ROTONDE,FACE 176 AV DE CASTRES,"{'lat': 43.59643, 'lng': 1.48398}",False,False,18,12,4,OPEN,1731945490000
69,toulouse,00069 - FEUGA - PONT SAINT - MICHEL,11 ALL PAUL FEUGA,"{'lat': 43.592388, 'lng': 1.442463}",False,False,18,15,1,OPEN,1731945437000
157,toulouse,00157 - URSS - PEYROUSET,16 AV DE L'U.R.S.S,"{'lat': 43.58295, 'lng': 1.448578}",False,False,19,10,7,OPEN,1731945178000
189,toulouse,00189 - AV. DE MURET - BOUTINON,44 AVENUE DE MURET,"{'lat': 43.581816, 'lng': 1.425713}",False,False,19,16,1,OPEN,1731945506000
